{"cameraMode":{"drawMode":0,"name":"Shaded","section":"Shading Mode"},"sceneLighting":false,"audioPlay":false,"sceneViewState":{"m_AlwaysRefresh":false,"showFog":true,"showSkybox":false,"showFlares":true,"showImageEffects":true,"showParticleSystems":true,"showVisualEffectGraphs":true,"m_FxEnabled":true},"in2DMode":false,"pivot":{"x":-7.551000118255615,"y":-1.535244345664978,"z":17.94086265563965},"rotation":{"x":0.05734732374548912,"y":-0.33559221029281618,"z":0.020402157679200174,"w":0.9401249289512634},"size":1.2057912349700928,"orthographic":false}